grid_id,center_latitude,center_longitude
1,37.583324977873204,126.998819246896
2,37.572285139074,126.987933769479
3,37.569861388513665,126.97718272747632
4,37.57351816677189,127.02385437755483
5,37.56993721809243,126.98770284420314
6,37.573789123037784,127.01997246259438
7,37.55151614788934,126.96299507014267
8,37.5552685804483,126.9730768010871
9,37.55420837942533,127.01069869710241
10,37.56564839360484,127.01965996537683
11,37.56968763873975,127.00310030768225
12,37.55820400571133,126.97464803288132
13,37.56946764380984,126.981094285087
14,37.53459996801033,126.99583036941466
15,37.533296746301,127.00642306773359
16,37.5451763562785,127.05822485771
17,37.541889014299834,127.06467736151534
18,37.54046246697487,127.070037241869
19,37.581653823566,127.04693658841626
20,37.57903735807197,127.04217918605391
21,37.577864630315744,127.03743170432868
22,37.58999501960009,127.0605994586279
23,37.57360498640583,127.0771274647135
24,37.564048123331,127.065671099712
25,37.58660622833778,127.04176983351645
26,37.591140735147,127.06587370132874
27,37.57801869304384,127.0578117750244
28,37.57320796526782,127.03776480496164
29,37.57240647175558,127.07144421075323
30,37.577838477677524,127.0321315896518
31,37.58154616883518,127.04289997669063
32,37.569784767713,127.04893527037275
33,37.57866661201011,127.08684113933833
34,37.58824126775364,127.0874830150391
35,37.59847194888826,127.09418016004297
36,37.609652673423604,127.0770157334518
37,37.58645597118478,127.07689503249733
38,37.594349833375546,127.07666725679482
39,37.595114539433496,127.09955433110088
40,37.59172602506831,127.07139348209625
41,37.59594634834346,127.08679357629772
42,37.61789915524389,127.07691120176645
43,37.599591122206945,127.09923596128439
44,37.603817684888,127.02474963391487
45,37.591809465169,127.01795341057651
46,37.603417132541686,127.03215069133157
47,37.602800069828,127.03754597630976
48,37.6013352139,127.02107959904534
49,37.6073376550496,127.0469995245694
50,37.599755080105915,127.0336651152892
51,37.613614930130616,127.03090309269824
52,37.63982812407824,127.02671643946053
53,37.641604648745925,127.02971725628046
54,37.62797458501,127.03835497630224
55,37.6124063545015,127.0359192057274
56,37.61952960848588,127.02016896804513
57,37.6257631762736,127.02651002093813
58,37.617034273757355,127.03037945937636
59,37.64425587251134,127.01589499096201
60,37.649956835647835,127.03559754666458
61,37.666275891352335,127.04348981971249
62,37.657269592319906,127.03872374968046
63,37.658161921736,127.033451566288
64,37.65333329184525,127.04772969372738
65,37.644561000044774,127.03180557260023
66,37.65421952472092,127.06041264082893
67,37.659464484920996,127.07247498501447
68,37.67719390608108,127.05511311725162
69,37.67067899923733,127.081284194811
70,37.61905370798345,126.92221219816689
71,37.60958822567387,126.92910167515373
72,37.607773420072,126.92401157660487
73,37.62193117901443,126.91889018449179
74,37.581529347523144,126.906588788201
75,37.6122714346843,126.9297481045505
76,37.58773651699588,126.91743572242467
77,37.60595846733212,126.9134427919445
78,37.618822416180876,126.91938126438394
79,37.587457363128166,126.94587779263111
80,37.591257632729935,126.9416073277288
81,37.566032256085,126.966281733716
82,37.56367881482634,126.93004321972
83,37.592122175599,126.94514183817633
84,37.586673563618334,126.91315224844617
85,37.556925055547495,126.944976506212
86,37.54037561716477,126.94764526106815
87,37.54197776838825,126.95023327166975
88,37.551031995289,126.922816262786
89,37.54715531666159,126.87180329007857
90,37.530078665962336,126.83828734205001
91,37.53314778896,126.83288135881699
92,37.5291798884382,126.83368308450099
93,37.52288778147976,126.85103384401943
94,37.53582498136137,126.828642057533
95,37.5235576369265,126.85801831644349
96,37.5483594672435,126.8668452702615
97,37.5472286565335,126.8628809086355
98,37.524967932181,126.86090342848999
99,37.53254514201073,126.84878962065872
100,37.548032220464,126.8350555674808
101,37.53149156748,126.84665944292317
102,37.54123003509469,126.84026250743455
103,37.565414600804,126.812064084491
104,37.532546603781185,126.862772035779
105,37.554979521741004,126.8515553494241
106,37.49626091848782,126.84403963683627
107,37.488371126415814,126.89015265593831
108,37.500524238961006,126.88368103855744
109,37.49182783235074,126.88380508309113
110,37.5058977254505,126.860500117038
111,37.482118219820805,126.8872277105914
112,37.48374997916377,126.9018429202645
113,37.4654498849895,126.90246829583982
114,37.47447951617637,126.90204182696876
115,37.470775900984854,126.89779132473657
116,37.451076341989555,126.9086563572579
117,37.45662984052928,126.90570427816829
118,37.469106256195374,126.90135212423188
119,37.45483936458778,126.90076575101381
120,37.4789593523609,126.89022698283141
121,37.515905110819354,126.9064495661543
122,37.519650526836955,126.90633127956687
123,37.52785484076225,126.89704524496541
124,37.515100255056,126.90253551327
125,37.511989252464126,126.91723907506312
126,37.506925253049,126.9109210843415
127,37.49196716298593,126.90134046033164
128,37.50078502487657,126.93309222905772
129,37.477827597371544,126.98127097760374
130,37.48793688377708,126.98148575517541
131,37.49739008442488,126.952758097038
132,37.513322501330194,126.9402319597428
133,37.507101486726576,126.96166966176727
134,37.484857032682626,126.981061222239
135,37.50488618734867,126.923191306335
136,37.4912642988878,126.92394929466259
137,37.4860983858485,126.96835248922099
138,37.4796846496805,126.90595723061524
139,37.48412206900284,126.92577753534242
140,37.4753760296012,126.965922687483
141,37.48209102590845,126.94559891686055
142,37.483202933631794,126.9296147393372
143,37.4742590276032,126.91844140093467
144,37.474654509195,126.96666804650188
145,37.4776189195506,126.9616211321262
146,37.482035742416734,126.95216805053767
147,37.506080483562165,127.00353594428151
148,37.49565180831628,127.01966296077185
149,37.500668309973,127.02572952853832
150,37.4974903464796,127.0301112223927
151,37.48712508097175,127.048288826682
152,37.48808979500867,127.103909912014
153,37.517723830291665,127.042398295546
154,37.5027516247886,127.0487091343402
155,37.5043614849292,127.049306063275
156,37.506269267928005,127.0546311348115
157,37.510968291554,127.032074942106
158,37.524029440639495,127.0476519795815
159,37.5114288355015,127.0834063631045
160,37.497068636828075,127.11477023736735
161,37.49249969409504,127.11761570915642
162,37.501569111293186,127.10999144398156
163,37.538141514023884,127.12305859462172
164,37.53740368755057,127.128155933445
165,37.53394629643437,127.13902505178237
166,37.5461683373998,127.1412057174512
167,37.5410671339665,127.13977622398428
168,37.5364281357291,127.13308516602463
169,37.536743027941434,127.13821453036829
170,37.546666948689534,127.13337930900492
171,37.5404764535821,127.12698364627082
172,37.5460410414218,127.143470909136
173,37.5342976365855,127.14219442400875
174,37.2986561870912,126.9710237663824
175,37.290126417329844,127.01378092528022
176,37.29203063630567,127.02975139191433
177,37.25894071698675,127.0101079233365
178,37.263353043683814,127.03142366365309
179,37.26745670937755,127.00242714066727
180,37.27194210176523,127.01610366041422
181,37.27588685239258,127.01903842042695
182,37.439921187865004,127.13210907412372
183,37.44139490434273,127.1331996534484
184,37.439654597519414,127.14494194096442
185,37.44255017837754,127.14349129626954
186,37.455736795483105,127.1617142345563
187,37.440355830308604,127.16190503210859
188,37.43376494819214,127.13214973625087
189,37.43337868812203,127.12874701599625
190,37.442314643721666,127.15157688699617
191,37.43048135327711,127.12911875598073
192,37.443851066284005,127.15600405814986
193,37.451876868598504,127.16045348051975
194,37.44531016715967,127.15747310362933
195,37.41157451877259,127.12812710940341
196,37.34987105200833,127.10919383642766
197,37.738917203633754,127.04985571390017
198,37.72517658907201,127.04765991565914
199,37.74341185580993,127.05293007871721
200,37.398255045555565,126.9194765534295
201,37.37040253777275,126.9577412049715
202,37.40323002077473,126.95735420807092
203,37.48391804072481,126.78217358263619
204,37.480451549919856,126.80547565008244
205,37.5276612867885,126.81628224163475
206,37.487092444247,126.7828612314556
207,37.48420369013217,126.81209951958932
208,37.49244524540886,126.787487397925
209,37.52355448991425,126.804642539135
210,37.502150071726426,126.77591255856551
211,37.482976565933505,126.79403905774016
212,37.486153358345,126.81105786026966
213,37.48672036540975,126.7775791604428
214,37.485229422588404,126.7890145028374
215,37.4834858564425,126.77692988736179
216,37.474364164068554,126.85122387356478
217,37.47878264814622,126.85575879042814
218,37.4774083670202,126.86160757715041
219,37.0522852187355,127.054711329725
220,37.081820557016336,127.05721920631599
221,37.0798402203954,127.0548825186402
222,36.995365113528855,127.0835337322882
223,37.071182464544144,127.05460052452499
224,36.9989027867152,127.08235455597901
225,37.06610968246011,127.06428964520566
226,37.070923204742996,127.0642036992925
227,37.079596900577336,127.05901815276667
228,37.900740496406286,127.05255306832757
229,37.33460506604675,126.806944656197
230,37.327615207077,126.78832921182466
231,37.31278159989233,126.83003338176833
232,37.335393942698,126.81207608270805
233,37.618816059855995,126.84440624299516
234,37.70329224969867,126.9014099763515
235,37.65858567479034,126.83896413069101
236,37.63161022261544,126.83262034722833
237,37.6531670379474,126.77715259972514
238,37.66281018111217,126.76642070840734
239,37.64304901780867,126.78800134543684
240,37.6584041316085,126.77198686344116
241,37.6758217893684,126.7477438281978
242,37.6083853920032,127.13351522988539
243,37.6002009111841,127.13958763321129
244,37.5970649326015,127.13726486873
245,37.5922872259834,127.13965426322079
246,37.586212562570154,127.212199913902
247,37.71924388598634,127.18356655669766
248,37.6487240836505,127.144617701497
249,37.65294843949738,127.30683805102963
250,37.60536390881833,127.156002257799
251,37.14662910063127,127.07013647794419
252,37.3446635931068,126.74859163520641
253,37.4390237007936,126.78381302944699
254,37.34557546865733,126.73643137245267
255,37.441131786104,126.7840537245005
256,37.35882620728428,126.93407689321872
257,37.53769848019548,127.20614277238796
258,37.8565965983856,126.7856717182643
259,37.757267890775005,126.77298853649012
260,37.743705226416004,126.806427276599
261,37.765331476119336,126.77489692493968
262,37.278961389757,127.437574709306
263,37.2781773646316,127.44609510861861
264,37.006803335262205,127.26794582730105
265,37.60031196744925,126.7715212634965
266,37.6194421407545,126.7182276323945
267,37.64471095533433,126.62851499646588
268,37.62744897000929,126.7089439560997
269,37.69163764630517,126.59873507980068
270,37.13193393132567,126.90817300837017
271,37.209125572863336,126.8178465555265
272,37.20847269504589,127.0354490519879
273,37.41013690925842,127.25820592657949
274,37.427727571771,127.2416837139335
275,37.40775647753664,127.25904981637493
276,37.82795039544317,127.14575470022851
277,38.0269070246635,127.06764083723824
278,37.48454485366333,127.593664033869
279,37.490416284485,127.4945508881882
280,37.572993237999924,127.01552642890731
281,37.566016205363255,126.966711074865
282,37.56825580239143,127.02002699867141
283,37.568829724078,127.01431167210391
284,37.526204704867006,127.00075419852033
285,37.554554184584,126.96859731265275
286,37.548241294512856,127.0211531133457
287,37.582191145988666,127.03877788452331
288,37.6008395691389,127.080864823399
289,37.6058738336898,127.0947696496223
290,37.59418287099437,127.0187831938895
291,37.608697340846334,127.00963942721802
292,37.58846319428928,127.00720828694772
293,37.5862337842392,127.00200559570139
294,37.62407665436275,127.01883425344676
295,37.63670909196741,127.02485488186973
296,37.64382657645829,127.02179548274835
297,37.67141669193044,127.0434350253249
298,37.66416430909212,127.04244872122713
299,37.64964484944,127.03352970556466
300,37.631175635231,127.0413898643025
301,37.599395113977124,126.91353347112131
302,37.5699793068256,126.9134261524656
303,37.522222374804,126.84429979347675
304,37.5192482887635,126.854198300189
305,37.54779044939925,126.8362972075785
306,37.54241876972313,126.844462264922
307,37.49146967787,126.89094484542312
308,37.4740331690447,126.8944371469659
309,37.510742584355434,126.91244991602544
310,37.499707886797,126.93047256782836
311,37.477097430345,126.91591677385999
312,37.4835935327088,127.0356467740152
313,37.49756631430489,127.02650640222545
314,37.5019859442822,127.043170819055
315,37.51565716097211,127.10906324030823
316,37.49326160169383,127.14402987252045
317,37.4980215660805,127.14595288934618
318,37.270614661631996,127.0016218814385
319,37.27781856364108,127.01679589596385
320,37.282337959926494,127.00630367150575
321,37.442812919839426,127.13823492519343
322,37.43964897817711,127.12804111623834
323,37.437405966540716,127.15819317387843
324,37.74026168605244,127.05187619747828
325,37.39705705806269,126.92190504463147
326,37.38303467451975,126.93495058743575
327,37.39070072317373,126.95076615731236
328,37.48689716645467,126.78869395034967
329,37.49204429859481,126.78286925957987
330,37.527400079532,126.811420810781
331,37.49740601363678,126.78656361616044
332,37.476455126642,126.863327481848
333,37.4619066451271,126.8791012255441
334,36.99347954014045,127.0879222651434
335,36.990598869465,127.0885851806195
336,37.08189079149075,127.056004828846
337,37.3077216316222,126.85022431743721
338,37.344650858933505,126.821444749121
339,37.3309598159862,126.7928355838462
340,37.6580912490765,126.834165528915
341,37.663731186403254,126.769255022162
342,37.67068280652589,126.75993409579279
343,37.65670360663666,127.27486747912383
344,37.146116937272,127.068002211333
345,37.351649912875835,126.7406776423835
346,37.5408330002124,127.20658802312305
347,37.8576304058725,126.7843533673385
348,37.954689368713,126.918781821199
349,37.00877539144577,127.26336970383643
350,37.622969048311,126.69932668865266
351,37.82837207705725,127.1481104411485
352,37.82827497273967,127.141696131314
353,37.48941878571425,127.492291748208
354,37.571817291026505,126.9897865244745
355,37.559608038134336,126.96451329467567
356,37.553842789308,127.01991562169268
357,37.573748318480874,127.03145254185138
358,37.56532119902691,127.05471483761356
359,37.5614172572498,127.065878817053
360,37.5763995795403,127.02382526114809
361,37.58154487835553,127.08831982820905
362,37.607786832798,127.097467457806
363,37.590228000733,127.09757899884801
364,37.5772809211715,127.08374531975801
365,37.63073043382162,127.02453643450592
366,37.65934811480434,127.07465737983449
367,37.590175366948266,126.91753646969553
368,37.609492157211,126.9188785250005
369,37.5453116758,126.94666620846101
370,37.5493691266748,126.86653088674821
371,37.49497473607743,126.84062046804142
372,37.49216904474345,126.85626642155067
373,37.493114643425166,126.84397560978817
374,37.466650467679834,126.89643018394867
375,37.492812433392444,126.89632021259666
376,37.49780457272828,126.92783542092344
377,37.4764148202052,126.9809326979964
378,37.47940230583989,126.90236153846246
379,37.47969111824167,126.94488499267067
380,37.508672581181,127.012189780783
381,37.490163006570995,127.008392761018
382,37.51563710215075,127.019905906776
383,37.49737102954433,127.0530660393225
384,37.493241833874,127.06002752405884
385,37.49710037586367,127.1493223460805
386,37.510707137674096,127.0857727236577
387,37.550205419422426,127.14447537291615
388,37.29988927605833,126.97243205081367
389,37.29097825199733,126.99956151093299
390,37.2639047018285,127.01427946024324
391,37.279385098728,127.00427610223224
392,37.258555318663795,127.030778569646
393,37.2722709726475,127.043155306143
394,37.400968171234,126.92227166601624
395,37.48125368114363,126.80526706710874
396,37.519711472134,126.80460440935781
397,37.05669347192733,127.05566836354234
398,37.636128807833,126.83327711019386
399,37.361060969019775,126.93022189903166
400,37.349585305116,126.94480725579767
401,37.3178298983065,126.95240431285549
402,37.54152268644975,127.20220666662884
403,37.234001481559,127.201418081253
404,37.32353715087933,127.09742817469733
405,37.004284376749006,127.268906532232
406,37.6445898868582,126.62599641845199
407,37.57032189492444,126.99066731203145
408,37.5333142033035,127.00550634405583
409,37.5341494739492,126.9917912133972
410,37.5869221459143,127.03761744213061
411,37.585602785424875,127.05206899755463
412,37.589781359260456,127.05562943084739
413,37.613732810163334,127.10077734208267
414,37.60858338279775,127.09561375311375
415,37.600138017238,127.10373029662317
416,37.58935729621417,127.008741850499
417,37.613903583314666,127.043101433397
418,37.614414830488144,127.06548513450943
419,37.6548593636256,127.0645401341084
420,37.61369176769355,126.912608414711
421,37.555476263985724,126.93583862507863
422,37.5602889580908,126.8546736060036
423,37.452773767372,126.90133520596532
424,37.483310941323666,126.9753341352375
425,37.488886909604,126.92855837118529
426,37.505967225612835,127.024170118619
427,37.5141910823515,127.0996146278735
428,37.2793050785588,126.99921210218679
429,37.27499738296466,127.042535194336
430,37.442958644875,127.1603336330918
431,37.748557825330366,127.043968849973
432,37.387490182707005,126.93070105049999
433,37.4797323522738,126.7942647631661
434,37.482057412122,126.8557998869985
435,37.481121336884,126.850522026323
436,37.47486437672089,126.86673917688066
437,37.30104898438,126.865892324727
438,37.31728340188317,126.83204729280651
439,37.655369791793206,126.83876301856021
440,37.599246526207,127.14246941882266
441,37.651227806045,127.30837018366525
442,37.15014533543522,127.07137967473399
443,37.36180417047243,126.933705757731
444,37.5386394216028,127.2033378255494
445,37.269494537898495,127.217799209042
446,37.76224339177717,126.77571006572533
447,37.654678639236,126.62356853676401
448,37.41585104616525,127.2507722672955
449,37.534159411804005,127.07162581624367
450,37.653952933579426,127.07273371780813
451,37.55421141315233,126.87370147597333
452,37.537441478929004,126.83895432798401
453,37.509736732819,126.882693014441
454,37.481032171878,126.821694534252
455,37.499912214239664,126.92448458864567
456,37.463085354015,127.022400011064
457,37.505944682873086,127.10942587344742
458,37.3133128468356,126.86299402290861
459,37.283670235677505,126.8500927168345
460,37.34410991892429,126.78430751388815
461,37.43780116583533,126.80430013364833
462,37.177394820067,127.112280724933
463,37.163931028095,127.110536143311
464,37.360278757251,127.216080568336
465,37.558375595949165,127.03320783016551
466,37.55054246154125,127.0922113278165
467,37.5448569819655,127.103494545738
468,37.60063962328039,127.07755688020094
469,37.6042389029579,127.0771115865869
470,37.61805909855,127.082961874092
471,37.612806772215556,127.06028187281133
472,37.64872593715325,127.0258905221435
473,37.6277562323155,127.07628306026601
474,37.6025842914325,126.92687729525201
475,37.544532032628,126.937591113041
476,37.557490378379,126.903026472395
477,37.53607746344757,126.87850956735056
478,37.537760320433506,126.8680797153365
479,37.532539972742335,126.83703373442033
480,37.53250505008125,126.85620284524863
481,37.487266210407,126.83828646656349
482,37.4637007157665,126.9044675793165
483,37.503818338646,126.905529354897
484,37.498944813553,126.935184100067
485,37.471087947302,126.935127946099
486,37.478752329556855,126.95828092826571
487,37.510719084022,127.1108634099481
488,37.494206928708,127.152395430206
489,37.487216297445,127.126615712646
490,37.49624948870467,127.12206931352966
491,37.5488830023765,127.15197765804899
492,37.301503342606,127.01544363771467
493,37.452038225484664,127.14962345436
494,37.444768874459996,127.12950579892976
495,37.4389220407705,127.165660170032
496,37.4025677287185,126.9107419107615
497,37.39119545101,126.925844427479
498,37.436492307775,126.879980679466
499,37.051292083664,127.05730381502
500,37.06655659604383,127.05833495709034
501,37.079161602727,127.06347592293416
502,37.9042123901905,127.0531290649555
503,37.3117998874055,126.86601516856601
504,37.297591497051,126.850049774079
505,37.363268766191496,126.8767699127025
506,37.292024158489,126.86589966413932
507,37.33053782925825,126.8286429007005
508,37.308704230062,126.815885311381
509,37.3426560200115,126.80638553732601
510,37.3436994163984,126.8162596751998
511,37.658291141047144,127.30247010091658
512,37.660977074933,127.243133546977
513,37.579157212936,127.219966645945
514,37.609064916713,127.152536278428
515,37.7160418088075,127.180278690352
516,37.4386117434847,126.7872608393576
517,37.447410595424,126.794110758406
518,37.389216428097,126.73626516021
519,37.319700907772,127.115585776863
520,37.273501568743,127.070099077711
521,37.231677221927,127.109452008405
522,37.20047632442833,127.07105798205333
523,37.797009078907,127.080122004828
524,37.57607287316433,126.97087214586367
525,37.56090470343157,127.01376617445685
526,37.5581658454535,127.08868646428525
527,37.56807457261285,127.0699883867263
528,37.59467067621167,127.06447063831065
529,37.60385284325025,127.0132092707855
530,37.596079891303994,127.01468588939929
531,37.628269897039,127.04180802162382
532,37.601777429361,126.92829083952675
533,37.619114217348,126.915330587438
534,37.62111759408278,126.92555626765767
535,37.487774630295746,126.88506773261601
536,37.52925908133816,126.92992588893749
537,37.483089996107,127.128730475632
538,37.531440150143574,127.12778440913857
539,37.269167960184,127.0477317292865
540,37.429470495668,127.148627379651
541,37.7475893289652,127.03501533327218
542,37.743843313833125,127.04936423476025
543,37.405175349264,126.908943501542
544,37.668603040799,126.797657287955
545,37.6345255534625,127.21056207513101
546,37.659283656916,127.178229579233
547,37.356567712131,126.730423713685
548,37.354931994617,126.933702640565
549,37.351101809002,126.942062358792
550,37.362186055743,126.944059462575
551,37.244067243809,127.108167934803
552,37.293666867333,127.4556822794645
553,37.133080789548,126.927433766057
554,37.196129084491,127.076302288221
555,37.295770330337504,127.63690035159625
556,37.53124059395425,127.06695998871375
557,37.5760232561135,127.076593309516
558,37.642886854945,127.037970281404
559,37.649554681232374,127.07633165863663
560,37.6084908781025,126.915222425975
561,37.523643222351545,126.87825004640428
562,37.533505133556,126.82989519510834
563,37.450354586396,126.91137742605349
564,37.5330989023218,126.9013061313082
565,37.498670076064,126.944024751442
566,37.508760926277,126.931704994491
567,37.49721485616333,127.13403573550634
568,37.506374132247,127.08144772680357
569,37.547569135219995,127.15511812044167
570,37.529296565649894,127.13312760058355
571,37.299855881594496,126.992611214487
572,37.273244226841,126.973581540657
573,37.263998379023,127.020756010982
574,37.267961331251,127.051718841652
575,37.446118647658665,127.13354987143066
576,37.479777632033,126.776140807004
577,36.991165136563,127.107102630283
578,36.99338320692,127.0951002571225
579,37.295683562144,126.86629779013725
580,37.654458599586,127.30247001248233
581,37.659260103672,127.240357599725
582,37.365143116563,126.929753051064
583,37.31940684565,127.11300967156
584,37.335253870471,127.093793075891
585,37.795016578753,127.079963545183
586,37.521424205364,126.973010322769
587,37.5676230768371,127.0666003138781
588,37.60870580513,127.03598076520133
589,37.661161248893,127.027604713488
590,37.5808992829265,126.925865145611
591,37.554377141417,126.82634543212698
592,37.549905597866,126.823516154848
593,37.52319632454875,126.88992029302875
594,37.501359167713005,126.900169977558
595,37.47144556706,127.044094191495
596,37.48674636855067,127.038128858561
597,37.299797041501336,126.98201941056867
598,37.25493454722667,127.02644641190767
599,37.278793545687,126.999359641236
600,37.448110701449,127.163714169774
601,37.48973985671,126.816436864371
602,37.47237381759867,126.79511345602232
603,37.473343512494,126.854538136627
604,37.30405549027,126.901711406357
605,37.295767580977,126.85230987133201
606,37.339163807514495,126.80093139217149
607,37.42891410969933,126.992375440275
608,37.644435018962,127.237178641982
609,37.132703410635,127.07063287256
610,37.448549562513,126.788354029816
611,37.356173346373495,126.968460063932
612,37.288489197819,127.111133146179
613,37.282624386008,127.159740471247
614,36.9907107089955,127.14087469892999
615,37.6440535602745,126.66805444960451
616,37.38955378538,127.22984523007449
617,37.610356612968,127.022528622399
618,37.63709514902275,127.03673862433925
619,37.6305540013356,127.0194798439348
620,37.6401701442375,127.065182364026
621,37.554067759314,126.83686499234567
622,37.5194039167785,126.88346143471033
623,37.53604005223275,127.14476835390249
624,37.293781103716,126.985170718955
625,37.25010096359,127.02520798696
626,37.4467647837755,127.145464117605
627,37.44809293204434,127.13998934373399
628,37.50512348800806,126.76415088063189
629,37.4796021879985,126.7818678990905
630,37.486995895645,126.8631335262425
631,37.2952932495915,126.87342096464499
632,37.310478272056,126.814835345376
633,37.365033314737005,126.943059545513
634,37.322663474241,127.120356282817
635,37.302294994969,127.0762955172255
636,37.295085344614,127.433759110696
637,37.116223364717,127.626507647311
638,37.208391148134,127.052738608101
639,37.21425642089371,127.04269860805843
640,37.627033146908,127.01834741880833
641,37.679550711546995,127.0535869902985
642,37.645227889860855,127.06412113841358
643,37.5780432519455,126.909609930655
644,37.512535978953,126.842230155398
645,37.462779155734,127.026947684989
646,37.486992605925,126.98613533358
647,37.495596012846335,127.04672479451467
648,37.512218815047,127.120659888544
649,37.50031473401371,127.117316232795
650,37.381609178022,127.128390428477
651,37.71455231254,127.0455269626
652,37.50621208579267,126.77600064582633
653,37.470243513428,126.809341060543
654,37.468583619439,126.852058542969
655,36.993141999305,127.117314264843
656,37.89236874258285,127.05414381646558
657,37.347938727891,126.818874343677
658,37.6544188143275,127.243247748286
659,37.3439066139,126.754118636367
660,37.131522438011,126.922027716407
661,37.200930259125,127.112177282457
662,37.217208725603,126.958148768752
663,37.610382681109876,127.05740603126563
664,37.535459016222,126.85513137981
665,37.52739422496467,126.905280525377
666,37.498434599378,126.92128533685
667,37.54139686648333,127.14465510931099
668,37.258555923618005,127.013976554026
669,37.7487225132345,127.058627068935
670,37.7139578552715,127.04707558392201
671,37.493296508728,126.79114996569933
672,37.487164227148,126.867710253027
673,37.287367477928,126.866170735092
674,37.714708799972,127.1981045317
675,37.5874899366625,127.2161437093155
676,37.683607663464,127.210850159908
677,37.71849092881433,127.183161616017
678,37.378411628145,126.783381115697
679,37.567554053276,127.1853632977365
680,37.277370770546,127.155179581074
681,37.711548193355746,126.747571263336
682,37.126060648381,126.914889586886
683,37.210727620085,127.042451451175
684,37.359249337588,127.160880221646
685,37.378660967431,127.256652111907
686,37.624193835578,126.9291313839075
687,37.517751669362,126.83872158289299
688,37.54578808062114,126.84610028072328
689,37.50157158669567,127.05925871298534
690,37.55062477228683,127.12880242751983
691,37.542630732723005,127.132861992738
692,37.24944716845267,127.01486424678866
693,37.527092569268,126.783771946219
694,37.475151587776665,126.79924305412466
695,36.997293881408,127.124609730756
696,37.28190512622125,126.8549233326715
697,37.661234201898,126.835776533162
698,37.645546128652,126.782024047273
699,37.67757450258467,126.76918144201666
700,37.604359499192,127.141290668131
701,37.430492967278,126.792458378253
702,37.28061034065378,127.44565617240801
703,37.28048494933286,127.43927381775029
704,37.205287818879,127.040166938455
705,37.598553332171,126.94730802065
706,37.496889392372665,126.86140214447933
707,37.744904326375,127.098732203829
708,37.259857025882,127.477760472469
709,37.692946400757,126.592601976101
710,37.5280959622095,127.0827741401655
711,37.55987175826825,126.82108657453225
712,37.28763295233066,127.004997433621
713,37.2644354253205,127.04412681297275
714,37.750604358106,127.116069167859
715,37.005374000411,127.103812694401
716,37.290314118303,126.862648650016
717,37.7082048755055,126.90338290160099
718,37.600803533058,127.173279760154
719,37.146432443004,127.074529302686
720,37.200719408927,127.1138573815415
721,37.5548289394185,127.09344090600601
722,37.5408989653055,127.0972925759855
723,37.569555615289,126.93321355601
724,37.543280088519,126.863187552914
725,37.50109660184034,126.89011246662716
726,37.485469249633,126.886433131694
727,37.487064906715126,126.94652495405188
728,37.4996148276635,127.0521936195835
729,37.519585947562,127.046109986164
730,37.467235742268,127.095991684174
731,37.378977872331504,127.13395684043499
732,37.746483203033,127.096112527781
733,37.726278171313,127.0536365424125
734,37.66366348911,127.304229257874
735,37.139450968719,127.052478253435
736,37.435598924831,126.803220408168
737,37.316067613447,127.069124704718
738,37.1162429491675,127.629242917568
739,37.16695186822,127.108138395302
740,37.187095003937,127.085940606128
741,37.59500793418067,126.918412894006
742,37.5778572315955,126.91023590853375
743,37.520224157666,126.787470141369
744,37.328023172057,126.793455115306
745,37.648172005362,127.12287146885
746,37.504218123465,127.161810032465
747,37.333811815585,127.108729525294
748,37.866661048228,126.785454627803
749,37.209707011478,127.075815030398
750,37.166055625167,127.10697725638599
751,37.59008121147934,127.07712852971834
752,37.64992628099367,127.080969422709
753,37.575642022602,126.917035286662
754,37.519050345641,126.87295774004825
755,37.5162911595975,126.83781148164175
756,37.476455630557,126.914320504713
757,37.497589376888,127.06081782421268
758,37.516421126344,127.044663749737
759,37.47297442884,127.148628431807
760,37.384835953099,126.960813427689
761,37.476862295348,126.808971207048
762,36.991860546876,127.107223604202
763,37.653973194284994,127.24400252104833
764,37.170275072753,127.064664474381
765,37.37138736073625,126.94078404836276
766,37.727732180075,126.734881107458
767,37.20666449657,127.059682918365
768,37.174928180684,127.113267731943
769,37.198063608265,127.072285010946
770,37.347788516704,127.338668542982
771,37.5722104982665,126.960228089456
772,37.5761401838305,127.0032955088315
773,37.565469574562,126.996810789437
774,37.5588631521135,126.9713197133355
775,37.529852816333666,126.96750024359135
776,37.541184637262,126.996185654945
777,37.55970803170973,127.03714036990145
778,37.538223897016,127.08839096467234
779,37.54528233543725,127.08644331768124
780,37.57268853596643,127.05750852895271
781,37.591127836645185,127.08747021196687
782,37.59027551324411,127.09294073225666
783,37.60525207595475,127.06167848729325
784,37.581716594955,127.020777021823
785,37.605834668236,127.01110610736232
786,37.6766498687036,127.0445317281972
787,37.652542382026496,127.04131398190549
788,37.667853192072336,127.03338799306266
789,37.63736569782979,127.07110487067439
790,37.631702136845,127.061184562319
791,37.626450648511,127.07212205760028
792,37.657655264089,127.06640617256558
793,37.6272435877225,127.05320387011349
794,37.588954197079,126.884938988145
795,37.61300629696382,126.91718330068899
796,37.577947832077754,126.902229732642
797,37.59618479939,126.908805923256
798,37.625429426728,126.920139952198
799,37.5940635977976,126.94755364420618
800,37.572820510659,126.922059340167
801,37.55852216898875,126.95618304681125
802,37.550318554858,126.93243037956
803,37.52059752095966,126.83502388994201
804,37.5469055678885,126.8761604084275
805,37.500553313086,126.863307045485
806,37.49302267303417,126.8396961912145
807,37.518607485123496,126.912175012878
808,37.512807503614496,126.925106127247
809,37.519613313225,126.8956472117904
810,37.497499885026855,126.90727067286142
811,37.5176134546165,126.8783360567475
812,37.499907760602,126.91935992869999
813,37.485121538229,126.97019211757299
814,37.5047149392265,126.9392900976765
815,37.487306869366336,126.91306635886079
816,37.47933498008717,126.93044558167249
817,37.467691786048,126.93127995061
818,37.493850739868506,127.0139107394385
819,37.519597734449,127.0290718324
820,37.479387136507995,127.06471818614651
821,37.505338571477125,127.10678258854338
822,37.491726538475,127.11127452679901
823,37.493404244211,127.153181122912
824,37.50665506068986,127.09330470577642
825,37.532176814025995,127.12111524547834
826,37.29465056587167,127.02548504260149
827,37.273075156994,126.984164784079
828,37.253357514503506,127.0122030182675
829,37.2822879749908,127.0166515359206
830,37.336910519256,127.1163560452965
831,37.393759145968836,126.92459674029833
832,37.395107876836,126.9640463350625
833,37.5273396278725,126.82255156540376
834,37.523856374173,126.8150092423335
835,37.46326318783699,126.87986157701467
836,36.991210879679,127.101243198216
837,37.907066931894,127.058166862012
838,37.94736348254,127.0619660016805
839,37.282801018253,126.847390753981
840,37.3398577349725,126.8268989185265
841,37.338668023420496,126.81689183968625
842,37.32520822378134,126.79992921646134
843,37.31702557659672,126.83677982375185
844,37.653498531333,126.841979744571
845,37.68544192550533,126.77039437869878
846,37.6031956217816,127.143616500562
847,37.550714233176,127.214537543974
848,37.539171205388,127.211252246795
849,37.23301109099,127.209732788239
850,37.271828466412,127.108725675451
851,37.32271640833625,127.0957156063165
852,37.86034671453,126.78730986386
853,37.284878897344,127.446899282277
854,37.117529337259995,127.6302356123845
855,37.825121819517,126.997748397871
856,37.841996621048,127.062447433953
857,37.738400487793335,127.42036307389766
858,37.561425913276,126.994858993049
859,37.56505934646133,126.980819096189
860,37.5368284210955,126.9638250729945
861,37.5382145101925,127.0497888223475
862,37.554673843824,127.034077454412
863,37.552826178586,127.025054505062
864,37.5505747114816,127.0904738888986
865,37.549612574462,127.070870539545
866,37.594687283198624,127.05966887935026
867,37.576879603412,127.04755668074725
868,37.58241781563051,127.070327304063
869,37.61626759207667,127.09270554942266
870,37.586263732266666,127.094681534278
871,37.60961818374757,127.05320242008528
872,37.60979879209356,127.03133778254733
873,37.634569145006836,127.019917972433
874,37.635015213482,127.01526607796801
875,37.640327766182885,127.02205022793166
876,37.6412454631585,127.016876597378
877,37.619853841083,127.01594439312066
878,37.683459887765,127.046270091293
879,37.617113408358,127.0639525258395
880,37.62387100999,127.06014044807401
881,37.662578089407994,127.07091382211632
882,37.59233828985675,126.91398085247926
883,37.6000670324665,126.91651254150358
884,37.570275107910994,126.961755048358
885,37.58263366543283,126.9117987641955
886,37.56644065891,126.92532391247
887,37.567175703011,126.93066970977901
888,37.56501468099284,126.9013468121045
889,37.547323251568,126.931638959072
890,37.5585277264816,126.8384040813776
891,37.55821923070167,126.84411721807267
892,37.540186076827005,126.835001005193
893,37.555038771622996,126.85400152747813
894,37.48902143779,126.835262144334
895,37.502221414288,126.850284743547
896,37.443577013969,126.904625701716
897,37.505505488644204,126.9021472604016
898,37.52392664866175,126.90619272164788
899,37.532509365276,126.92411909773918
900,37.49581689662333,126.9005095663989
901,37.513979634553,126.911342694011
902,37.483166183943304,126.94071487825879
903,37.489753386111,126.9913829029
904,37.4955705490794,127.10930795650961
905,37.557230954546,127.170359265769
906,37.290679132552846,127.00302301224654
907,37.29148754441533,127.01959456593767
908,37.299293330024,127.017740166876
909,37.2641363981275,127.0018772577805
910,37.250127633039,127.01905820818875
911,37.263535747392,127.026244310372
912,37.26901160240433,127.00824061671233
913,37.4375713727634,127.14057870025019
914,37.436072467371,127.158189492352
915,37.416703859297,127.128640295214
916,37.738487627189,127.04321135263476
917,37.733069214374005,127.03861076627466
918,37.382982907736,126.929368345374
919,37.406793313262,126.897707955559
920,37.485222627723005,126.81373791437451
921,37.476752429582,126.869238526288
922,36.998328606281,127.08553363567
923,36.99237516833525,127.09995327218576
924,37.30199410653575,126.86655187481199
925,37.624699496485,126.836380827214
926,37.157902871221,127.067032920134
927,37.353491907526,126.733552855281
928,37.3468391101875,126.942771048846
929,37.27162781604633,127.10575513612001
930,37.325318908142,127.09706057968299
931,37.32654537559425,127.11043411889051
932,37.758089549494,126.7750016600495
933,37.727721342467,126.815966990186
934,37.285011102182,127.440130550186
935,37.007161647593,127.27251316705
936,37.206432811426,127.662428328905
937,37.829481651858,127.51384087186
938,37.569135048539714,126.997375146859
939,37.572819006693,126.98143199739
940,37.55987348945867,126.9793777098375
941,37.565178757860664,127.03647779624033
942,37.56959950699457,127.03085754846923
943,37.53665099947,127.0936702867305
944,37.55645477037225,127.08188256978825
945,37.563081461673,127.08140423117341
946,37.5782336183632,127.0700624129529
947,37.603151763943664,127.067350652112
948,37.57188450192814,127.08080174879615
949,37.591809674212,127.01533790538976
950,37.612444974257,127.00782185189767
951,37.6084814559055,127.023311413442
952,37.679802086353405,127.0501776911376
953,37.670105616382,127.079408412569
954,37.568338536445,126.9170403160085
955,37.577880797062,126.92994427076249
956,37.5818827277365,126.95063761714225
957,37.57759008785083,126.92351396390266
958,37.55537362951025,126.92172963501025
959,37.55625420110238,126.931077378064
960,37.5197203754455,126.84335310916
961,37.536968651942125,126.83418847189087
962,37.550271116070505,126.8363054446915
963,37.50987228328,126.890963968314
964,37.50575901440825,126.890190335922
965,37.46037292681134,126.90484471632101
966,37.5205381068125,126.90150667133985
967,37.489122706587004,126.90641451001743
968,37.532055187109,126.906933726074
969,37.504565469322,126.946825381487
970,37.495603144171,126.94338871312
971,37.485945853893334,126.95706852291232
972,37.488226697904494,126.92342689153901
973,37.470675739295,126.919892728568
974,37.477400680323,126.934944144157
975,37.48259171264238,126.91407141591978
976,37.478419550362,126.95157298439474
977,37.487265686863,127.024675159332
978,37.510282952097334,127.04265729639799
979,37.487622523333144,127.10164968420113
980,37.51088809361162,127.12743145935708
981,37.50186966776678,127.12791995773478
982,37.50003244754033,127.10471611971532
983,37.54077512662167,127.12425790143199
984,37.2962655714385,127.004516460284
985,37.259716202513495,127.02447631307767
986,37.278334863114495,127.00208421246751
987,37.27360328408672,127.04745665972287
988,37.452753123259,127.14741151513
989,37.46279998853,127.170143018387
990,37.7315934751595,127.057759405723
991,37.734782216627,127.088209528848
992,37.736199750519,127.083775467365
993,37.417554701589,126.912161443997
994,37.38300311874,126.9534112972348
995,37.5019018845157,126.77057935600901
996,37.520161166905,126.794418483028
997,37.482608930758,126.866224339183
998,36.984069148373,126.922525163806
999,37.90102539655575,127.05785187671376
1000,37.30874714306433,126.86777433582365
1001,37.2961436319242,126.8620628109702
1002,37.32576835302833,126.80385502968666
1003,37.6880133826035,126.86547586756575
1004,37.62813678688433,126.82328016704734
1005,37.687546623879,126.780632486701
1006,37.60028955102266,127.13266661517333
1007,37.5969969763326,127.14454779110278
1008,37.612087600613506,127.1444264741535
1009,37.688915750862,127.210418023074
1010,37.3532926595795,126.9456476338325
1011,37.3439106064405,126.941942891952
1012,37.53998917266333,127.21085294121133
1013,37.2697969069025,127.134771108501
1014,37.325145073837,127.107397434795
1015,37.005407820316,127.279397120282
1016,37.627374237632,126.7119785016075
1017,37.205276866035,127.014822482872
1018,37.203499093859,127.03813898477699
1019,37.899171704062,127.2021259482545
1020,37.571625211834,127.00320453432086
1021,37.576157337642,126.98470740667301
1022,37.57620745641,127.0154802380235
1023,37.553780774764,127.011644981132
1024,37.564081379539005,126.9919303959415
1025,37.549795790644,126.97754485741
1026,37.53543591773433,126.97409703535101
1027,37.527450525972,126.9996455321165
1028,37.549417686878,126.971687053116
1029,37.545101336758,126.972065297177
1030,37.569010446476,127.0434718350085
1031,37.5560972480305,127.02484693389499
1032,37.5633661366598,127.0318355201612
1033,37.549689515509996,127.03006704376051
1034,37.541392431017,127.017248576762
1035,37.599962415733664,127.06190495914767
1036,37.582005659035,127.093401601004
1037,37.58686984485963,127.08155479506657
1038,37.603792384012,127.022808957269
1039,37.616748515632,127.049360492794
1040,37.5987753117036,127.03446697562019
1041,37.6012121005115,127.04073246468926
1042,37.633188261130336,127.038289699911
1043,37.64854027104475,127.013887938782
1044,37.653255455376,127.027336705626
1045,37.62247033681275,127.07633439379325
1046,37.662572760205606,127.05885650712301
1047,37.664689837867,127.064218563737
1048,37.600653803731,126.92348772797699
1049,37.62497761003,126.928941294206
1050,37.614534771463,126.922436853979
1051,37.60576723618183,126.92339671217785
1052,37.561991507703,126.955814394919
1053,37.5632582603615,126.9199228976745
1054,37.52106576077733,126.85237245672432
1055,37.516505253116,126.86186107383067
1056,37.516634447623,126.851146905606
1057,37.52417263080643,126.87254370973814
1058,37.562960744394005,126.8515988828335
1059,37.48732156084225,126.855395371975
1060,37.4970401677205,126.884646610004
1061,37.496155662796234,126.89026854221646
1062,37.493317876919,126.832614906254
1063,37.509562281575,126.90721226253699
1064,37.523032507405205,126.88410462449
1065,37.5143479400848,126.9182780632074
1066,37.5274393251405,126.90050794978299
1067,37.5116715159785,126.924962996546
1068,37.46684994507,126.930178958293
1069,37.490638703914,126.956750801409
1070,37.489235739489004,126.917190791023
1071,37.492606575534005,126.92685425641999
1072,37.484651956623495,127.03292343896649
1073,37.4928165183685,127.076672213103
1074,37.51520323665355,127.10652588431199
1075,37.308694775245,126.995600526344
1076,37.299164435415115,126.99678130817468
1077,37.29423932230214,127.0094110629857
1078,37.28577441226,127.026310397508
1079,37.2780122197985,127.03221516848676
1080,37.357981961699,127.119201863576
1081,37.388294575334996,127.1229704784555
1082,37.376748834292,127.115486826257
1083,37.3527272252325,127.1100484360875
1084,37.75229034592366,127.04441226431567
1085,37.736743728391,127.070418335239
1086,37.7358333418835,127.061622939793
1087,37.4033411500595,126.91950353692825
1088,37.416094572208,126.915696529672
1089,37.39854127026433,126.933014603742
1090,37.39445343427966,126.94692093985066
1091,37.4027098467855,126.952335959109
1092,37.4886066424984,126.76499314301259
1093,37.484588424017,126.763795629366
1094,37.516540065573,126.803743290721
1095,37.520041830467,126.770157969516
1096,36.991016874439495,127.1208310380075
1097,37.336673887391,126.862979611321
1098,37.648467290334,127.14078233204033
1099,37.37074865172966,126.93559666795333
1100,37.539441148591,127.215735106391
1101,37.235818273523805,127.2074018393436
1102,37.293092140291,127.121384955253
1103,37.29514437911067,127.11004324220335
1104,37.299398823198004,127.107488689902
1105,37.8492711165695,126.873508461947
1106,37.652238452773005,126.6720266887245
1107,37.213382350416,126.73741671556
1108,37.223235867742,126.97333960504
1109,37.169750547051,126.983383550212
1110,37.831851436496,127.067351969919
1111,37.834294965541,127.51113705833
1112,37.544500217312,127.319208795151
1113,37.57157932684875,127.00976747340975
1114,37.563621112525,126.975258576623
1115,37.540042299513,126.96172082106
1116,37.546036658666,127.054635111922
1117,37.554640309004,127.034264352419
1118,37.546534459499,127.04462121377401
1119,37.545295481919496,127.0360829669105
1120,37.560110162404996,127.0815488804275
1121,37.5655489952354,127.07106109026181
1122,37.595471790103254,127.09294860967725
1123,37.617565454383,127.0424934495145
1124,37.6123013573225,127.05551953085251
1125,37.61401587141125,127.04972252882274
1126,37.58159812180649,127.02965324680099
1127,37.58613851592775,127.03145919873924
1128,37.6635440876405,127.03708477204574
1129,37.662064423035666,127.03219062699701
1130,37.647294776734,127.067563851991
1131,37.630299867146,127.0705517029
1132,37.604384644615,126.9166172971115
1133,37.584378807137,126.948683192876
1134,37.5588256485855,126.9271219297345
1135,37.557016707256,126.955952474128
1136,37.549934256229335,126.86372275731468
1137,37.52836857933731,126.86369253962292
1138,37.52306497324575,126.8381996001575
1139,37.576327681378,126.811809986443
1140,37.5686469872695,126.81613170146825
1141,37.549702484183,126.874691574957
1142,37.4986959760605,126.850077709701
1143,37.499445573156,126.85710450497
1144,37.500362940099,126.866569454917
1145,37.478744612274994,126.8978120943535
1146,37.5238924311415,126.902844617336
1147,37.5039973482014,126.9372872513134
1148,37.48645315824987,126.93482640012937
1149,37.48522110607,127.017542381677
1150,37.482514045088,127.0040787378945
1151,37.482133971356504,126.9967293081625
1152,37.483620603309,127.009078940142
1153,37.4884868043235,127.053162809767
1154,37.496544896680504,127.154299869644
1155,37.53331986512067,127.11863522413734
1156,37.532851001052805,127.1335093127794
1157,37.552053017933254,127.13498480180824
1158,37.3083007912495,126.993358630248
1159,37.27622861446,126.979590818662
1160,37.282313032621,127.02565352639
1161,37.268226247244,127.022549936332
1162,37.45430126839,127.149699475851
1163,37.435466466855004,127.13967459675649
1164,37.4299707954995,127.136993881338
1165,37.373513078067,126.957549536983
1166,37.52343876929834,126.79997429428033
1167,37.502905815738,126.78168508485163
1168,37.509789091044496,126.7696662642875
1169,37.480026398001,126.798205502083
1170,37.060526422258,127.070578819258
1171,37.33108810913,126.848278556611
1172,37.321496170113,126.827899947825
1173,37.6875908237585,126.866285142346
1174,37.673701469248,126.786424625197
1175,37.648542303685005,126.7813102787475
1176,37.669686735555,126.762193202056
1177,37.14937699841325,127.0648293794485
1178,37.444243254224,126.790214902497
1179,37.327781740836,126.916831248364
1180,37.388072332173,126.982779690531
1181,37.236289430114,127.203722351007
1182,37.782613309857,126.846509337437
1183,37.623455793451,126.712485537579
1184,37.413861534883,127.255547365819
1185,37.345374100635,127.176534864394
1186,37.408768495171,127.253618236394
1187,37.8434872401445,127.06349445165901
1188,37.831908377071,127.149546812337
1189,38.02376885385,127.069099075663
1190,37.576753919589,126.972198321161
1191,37.539340835512,126.989132827019
1192,37.529240412015994,127.006999415292
1193,37.54472746127566,126.971208470354
1194,37.559499487213,127.04198180182
1195,37.5482449810194,127.06558993336759
1196,37.6133630475655,127.0776326790985
1197,37.59174544786943,127.08061319916128
1198,37.59163040653743,127.03700421949456
1199,37.6888743128,127.045601952569
1200,37.653377341719185,127.05417456550482
1201,37.588902610168,126.937405895867
1202,37.552662264103,126.91815999039201
1203,37.55619184621525,126.90041946686326
1204,37.55983654514392,126.9061438948605
1205,37.516082780108746,126.8675356829395
1206,37.56130555251,126.8114734691265
1207,37.49705718261467,126.85633676154278
1208,37.501400540425,126.84652480650432
1209,37.493207568542665,126.90796498910633
1210,37.51096190206767,126.94459476157833
1211,37.4845953564415,126.9093142466065
1212,37.502470962665996,127.0875819293135
1213,37.51128343468367,127.11494415614901
1214,37.556412544341,127.1638726474695
1215,37.28599518293217,127.00805646418534
1216,37.29448369927434,127.01497934171533
1217,37.3066576804085,127.00202028416001
1218,37.2764709947825,127.0258262736925
1219,37.26891305186833,126.99892862641032
1220,37.4289889275975,127.131417010038
1221,37.461268746157,127.167584676493
1222,37.377106065693,127.132426469807
1223,37.414714591306,127.138654668879
1224,37.714764161338,127.049033349111
1225,37.40784576287275,126.9135639338045
1226,37.394126570885,126.976721740317
1227,37.469635555537,126.796432130739
1228,37.488382987376006,126.754352934961
1229,37.482185355471,126.799099165595
1230,37.515685016251,126.770273129502
1231,37.693400501282994,126.772764440428
1232,37.651261649407,127.242845440166
1233,37.704500947961,127.168165265316
1234,37.15556305484183,127.07177078684333
1235,37.352496644905,126.7267431820035
1236,37.373393121996,126.937064649915
1237,37.723156038421,126.750074069464
1238,37.197747174394,127.065126519274
1239,37.786857788857,126.99227315888
1240,37.827914275624,127.053284489389
1241,37.785529847226,127.227081581951
1242,37.81374264191,127.514905176334
1243,37.56398143407725,127.0021345115675
1244,37.535734395827,126.999370497851
1245,37.537914659718396,127.05414604761629
1246,37.546104775566,127.023796065737
1247,37.567064403950006,127.0537885887735
1248,37.60354481549175,127.04279593850775
1249,37.6457908463215,127.0106639138595
1250,37.620457043659,127.028686268757
1251,37.611348122719,127.02221258984
1252,37.62907074482,127.012847354023
1253,37.658924584242996,127.0411969989032
1254,37.68588955466,127.043089326812
1255,37.671343617715,127.04594865111
1256,37.629041646356,127.056914090214
1257,37.658611031250246,127.0606578039905
1258,37.666480722608,127.078371071569
1259,37.556586440022,126.9423855895595
1260,37.535779156036,126.86340943594534
1261,37.497668676469,126.829157682082
1262,37.47859235975049,126.914371730722
1263,37.491982005966,127.026627823117
1264,37.5142041174355,127.0354890001125
1265,37.527944610356,127.030757934432
1266,37.50647711590663,127.11622122171624
1267,37.550605234669604,127.1397748104096
1268,37.291129740129,127.00758153113175
1269,37.302932456019,126.99762524718349
1270,37.305107420072,126.99350053877001
1271,37.25562281127233,127.02070115270767
1272,37.25171804895,127.071153725265
1273,37.382874578464666,127.12325891718167
1274,37.401765565229496,126.976510564662
1275,37.00064405478,127.086902111544
1276,37.66842271538925,126.7638169261465
1277,37.635064756834,127.207362759885
1278,37.708908402102,127.117126513379
1279,37.360704556671,126.943370262629
1280,37.388729588201,126.973166928912
1281,37.240619867214,127.17537079093
1282,37.330950680131,127.12728928957
1283,37.075767613386,127.425375416543
1284,37.600719651492,126.721305386735
1285,37.825373573932,126.983944835986
1286,37.837512064431,127.068179791365
1287,37.569609502404,127.00919251938933
1288,37.5856552107975,127.049988912308
1289,37.601286697424,127.013387567783
1290,37.591809704655,127.003217105086
1291,37.665893573230505,127.0375428592665
1292,37.669262113457,127.08028598945799
1293,37.550390624728,126.946107178405
1294,37.5133499836655,126.855299472094
1295,37.549236534639,126.847336530258
1296,37.519964415027,126.933419146378
1297,37.501568015452,126.941034202568
1298,37.508295355861,126.9401812289922
1299,37.525486893606,127.024741242416
1300,37.491940661883,127.1352322259875
1301,37.51574316972186,127.11642933406257
1302,37.531701607344,127.149790525913
1303,37.4570614217485,127.16594600290651
1304,37.746383942266,127.055337749539
1305,37.4048415285645,126.95730328462
1306,37.492814428569,126.76698519528675
1307,37.495195816934,126.785047085056
1308,37.479709545982004,126.8511758581396
1309,37.000680156265,127.096192118173
1310,37.001872333542,127.076635742447
1311,37.900189539217,127.050834724444
1312,37.611515012609,127.138046876463
1313,37.697871504667,127.202969800117
1314,37.561341022671,127.233745632056
1315,37.356612001044,126.947149361355
1316,37.383165916175,126.977519660205
1317,37.550194579717,127.186244143953
1318,37.279607582325,127.151855302781
1319,37.863857792804,126.783978664385
1320,37.78119283338334,126.84829716718133
1321,36.9933151439795,127.138176609514
1322,37.010565356707,127.219915387286
1323,37.082021097796,126.816141699681
1324,37.426946823538,127.257426716871
1325,37.536962259102,126.960003240958
1326,37.5416252987695,127.055069523141
1327,37.545121562211335,127.08392733497966
1328,37.593541459871,127.053114707279
1329,37.6446718536245,127.025360310981
1330,37.663294078958,127.07570125952276
1331,37.607958247955,126.9331814445125
1332,37.554752318066,126.91209405689632
1333,37.5738303724245,126.81684996255649
1334,37.55224115358775,126.8500640609815
1335,37.4976964782908,126.9185495874946
1336,37.4764067445765,126.977506284139
1337,37.508852506039,127.00825935019
1338,37.489081830863,127.008046212664
1339,37.5023912525899,127.0975301565619
1340,37.505888719831376,127.08943125655743
1341,37.263578948411,127.008178199865
1342,37.286575397338,127.033140856366
1343,37.255681371099,127.07537132173
1344,37.405099607462,126.915845177714
1345,37.403834930439,126.96080189829
1346,37.49690329247875,126.76604617828963
1347,37.4967470592945,126.7913227618165
1348,37.069813299646,127.05929073321275
1349,37.07679592879,127.057976849653
1350,36.969045401625,127.062206889138
1351,37.69346198928,126.779599877933
1352,37.67585771796,126.753994591528
1353,37.690707542807,126.76361932840899
1354,37.653176915783,127.312083178797
1355,37.644260315762,127.229382103502
1356,37.607857408693,127.161221546738
1357,37.681863309645,127.304537097011
1358,37.653526175593,127.328598606741
1359,37.355619479556,126.943091649961
1360,37.268186883919,127.21471655043
1361,37.266495100869,127.105773523131
1362,37.242961861901,127.103753903921
1363,37.728136926379,126.813035409857
1364,37.753187229908,126.742877389581
1365,37.762716268242,126.795151282107
1366,37.819100785574,127.046554539661
1367,37.774769383401,127.045315203735
1368,37.898140455519,127.199470311407
1369,37.955819800544,127.316562345777
1370,37.2613818408,127.641433574801
1371,37.568789496539,126.841350056361
1372,37.606780273224,126.933055835776
1373,37.150266563155,127.07421574339766
1374,37.69142432387,126.598036397778
1375,37.5191860929995,126.8600442647685
1376,37.549654640053,126.83371492417601
1377,37.1560962055014,127.06774482440119
1378,37.455845897988,126.896534334154
1379,37.52550982045667,127.11739389720634
1380,37.358636006797994,126.9313748485405
1381,37.618703946325,126.717003096086
1382,37.52266807282175,126.96174167605099
1383,37.54067795685178,127.04915000405111
1384,37.5375972515128,127.05985156056241
1385,37.5465321590595,127.04948437937183
1386,37.55857432666733,127.07623611813317
1387,37.553807541286,127.070436270419
1388,37.529169164576246,127.07012582130099
1389,37.5513354461745,127.07641042854951
1390,37.536419676263336,127.08349156951034
1391,37.5355043263145,127.069056092341
1392,37.53272533688075,127.076902346917
1393,37.537930433244,127.07653062189166
1394,37.55623493387925,127.079053663475
1395,37.555097368986,127.08809939074649
1396,37.56602861383,127.074635110623
1397,37.56319108146371,127.05868012961285
1398,37.58145212228015,127.08112162964993
1399,37.581572176590754,127.07915580537225
1400,37.595018334967726,127.08088262892547
1401,37.6063692024945,127.048527877594
1402,37.622623980716,127.0272627781778
1403,37.66301418078575,127.0472990467895
1404,37.661687971923335,127.05281349854499
1405,37.671377386808004,127.05602276134249
1406,37.549495101419,126.938778925008
1407,37.555395708571496,126.920423826061
1408,37.558863580947666,126.92512998578299
1409,37.529184964628115,126.848685750246
1410,37.51817762669725,126.86745048542775
1411,37.5339163805795,126.876602568827
1412,37.507023193797,126.878194756273
1413,37.50738354064975,126.88589797014225
1414,37.48675660605014,126.89729367526586
1415,37.445430012186,126.903810429409
1416,37.552663678287,126.879226896505
1417,37.4974798353538,126.89466409457641
1418,37.54159751376525,126.888163952955
1419,37.5158908613923,126.88196854474491
1420,37.5307807037276,126.92755961466541
1421,37.499888732079995,126.8975075079165
1422,37.5275144735623,126.9330418830727
1423,37.5002143961984,126.985713161594
1424,37.5046270607415,126.9788791320675
1425,37.510908475246495,127.020773719987
1426,37.48610474394,127.045015315805
1427,37.4971142449676,127.13962348567641
1428,37.506117210841495,127.0780012316725
1429,37.500843379162,127.147794194385
1430,37.509955891002505,127.1325607066625
1431,37.50882695658987,127.1041549017405
1432,37.535696130573,127.118562755868
1433,37.493018946588,127.1223646745312
1434,37.505393902008,127.12179459854299
1435,37.51107190519358,127.09282506244166
1436,37.522763413037,127.1340199686275
1437,37.557507997897,127.125315815474
1438,37.52407208127085,127.12807961091814
1439,37.555703487977,127.157958419646
1440,37.733739311521,127.043350909018
1441,37.399021124826,126.943193946045
1442,37.3787526515145,126.9559625834075
1443,37.493453614294,126.749964137236
1444,37.506660433733,126.78043828709801
1445,37.492624068247004,126.760466023489
1446,37.503785867731494,126.77008257191987
1447,37.50535990957591,126.75308114812255
1448,37.458719384893,126.882643393079
1449,37.057297492786,127.067328072234
1450,37.31752967885758,126.82132128467208
1451,37.316463197459335,126.83008941542367
1452,37.659378120205,126.78717565203567
1453,37.672752836250496,126.75339417310374
1454,37.5651358998474,127.0161087211754
1455,37.517532131404,126.96934308021999
1456,37.5186756367075,126.99484968296099
1457,37.550999371325,127.051149902647
1458,37.532324832126,127.085464662165
1459,37.529654227861,127.076833047408
1460,37.548051816923504,127.06960210176625
1461,37.57249543877062,127.06679438429238
1462,37.615275300216,127.095402926655
1463,37.641648959738504,127.037682192266
1464,37.58100274823167,126.93613557921235
1465,37.56766777395,126.89429991531
1466,37.54419275158375,126.951066584486
1467,37.5103802945655,126.8719918969595
1468,37.53393677876,126.869669806517
1469,37.537968946719666,126.90174317616949
1470,37.545484933134006,126.89119638145874
1471,37.523874610175994,126.9367524983805
1472,37.519898059148666,126.94153573738534
1473,37.49987337088933,126.90724185634333
1474,37.51382537201725,126.95587486378238
1475,37.509393805592,126.9654553536005
1476,37.490881188117,126.916160317246
1477,37.491560750929,127.072838808365
1478,37.518295173296714,127.08193912345442
1479,37.527317573165,127.11744877745633
1480,37.506310148493625,127.09798071821687
1481,37.51656718664,127.1313280071105
1482,37.51904225529667,127.07577206742833
1483,37.505394837153005,127.1335174868435
1484,37.488102413259746,127.12223760961425
1485,37.5186961760376,127.0871165865168
1486,37.54536205066366,127.12688473010132
1487,37.529142532277746,127.13778090039425
1488,37.30179202888,127.0092643169455
1489,37.2684782622136,127.0271397255412
1490,37.734071147863,127.0488168463505
1491,37.410436288804505,126.9111094507915
1492,37.38474524540333,126.960134786893
1493,37.496775172629,126.7774654561711
1494,37.50539058372866,126.75820788333341
1495,37.49652065162616,126.76977966957234
1496,37.502339801061,126.763056777705
1497,37.5008036947122,126.7528976585276
1498,37.501248402242496,126.747321701087
1499,37.505006652435995,126.79451635444701
1500,37.303240348364,126.847423294151
1501,37.30320821199,126.843559808889
1502,37.322171632990504,126.80918365962401
1503,37.321781368816,126.81966070098167
1504,37.3127736201745,126.83778182076675
1505,37.626930955949504,126.8323162922145
1506,37.641405764166,126.781356682866
1507,37.654890296051,126.783360876904
1508,37.644254047684335,126.777878264177
1509,37.6731865916385,126.74319636607049
1510,37.6871054339295,126.76068736831701
1511,37.679870074745,126.763137710538
1512,37.425977748275,126.996731117148
1513,37.34455534045767,126.74312489979535
1514,37.546639228718,127.197913560663
1515,37.192000420184,127.070566460775
1516,37.519277105994604,126.994214532396
1517,37.526395363556,126.965274081135
1518,37.543071325881996,127.05933546131399
1519,37.54599670771967,127.02985146653667
1520,37.535481581188506,127.0655484099705
1521,37.52764673466,127.08705485599799
1522,37.541502520626,127.0954367335195
1523,37.566916613412,127.073973485689
1524,37.57237934003325,127.05011716343225
1525,37.5768165492455,127.056753290533
1526,37.6034043238515,127.0736031048505
1527,37.6357163861232,127.03268513756211
1528,37.623567491062,127.0487297770485
1529,37.63347395072267,127.06412808114533
1530,37.643572676589,127.0714884376425
1531,37.64931844189775,127.06989454047013
1532,37.57438839411,126.864493413142
1533,37.548687780917,126.887774806863
1534,37.5315220963685,126.8748965327
1535,37.539891506589,126.825851638443
1536,37.52764564722967,126.866357661278
1537,37.567703622685,126.812520934942
1538,37.560670247135,126.816992872024
1539,37.483634655216505,126.8942981130685
1540,37.49817986639267,126.87161424699
1541,37.507242340279,126.87457284069751
1542,37.477673735555,126.877133559867
1543,37.47058046152,126.891700299031
1544,37.54292329657375,126.89466932757875
1545,37.5294538653035,126.890523708505
1546,37.52230437999221,126.89524415101639
1547,37.532760786581996,126.911481745687
1548,37.537003892317,126.8905864607975
1549,37.501530601857,126.909732756463
1550,37.51480129954133,126.95359419062034
1551,37.496426773877,126.9142634492
1552,37.508330794931,126.968349956786
1553,37.51384981355088,126.94560155123713
1554,37.505727119112,126.977312788256
1555,37.517255072465,127.008920991312
1556,37.508190004266,126.994380667935
1557,37.510638441137,126.9987112826505
1558,37.490744392241,126.987100256673
1559,37.525073506839334,127.01550414805733
1560,37.491609605925,127.08266200038699
1561,37.49779377391167,127.04491755172835
1562,37.478873996838,127.049104728302
1563,37.513528329697,127.129015596364
1564,37.500483634513,127.0833395142585
1565,37.525956065421,127.122841073658
1566,37.5233282638715,127.10085975570183
1567,37.52128116815266,127.13370287904299
1568,37.554649823831,127.129032410419
1569,37.5468807429128,127.12041245681039
1570,37.554840780479,127.1238631032505
1571,37.299867076805,127.00789377607767
1572,37.299856054714,127.029391695172
1573,37.254188438040664,127.01082886227766
1574,37.273684148206,127.028594967785
1575,37.265930675561,127.040365755177
1576,37.440506539646,127.119332173542
1577,37.74021877218,127.090212080724
1578,37.74421669432375,127.03476129110174
1579,37.388607440257246,126.9479473100215
1580,37.398984372232,126.944962754229
1581,37.3847130257365,126.94202163659051
1582,37.39731333145675,126.9764787248245
1583,37.403996713079,126.948970788872
1584,37.49206273236415,126.75388817231314
1585,37.50420359652,126.7871074143265
1586,37.49186433111022,126.7779603949669
1587,37.506474957554005,126.7419932220105
1588,37.49738432630014,126.76189312085201
1589,37.49082792397,126.743733243795
1590,37.49740593632467,126.74905361637333
1591,37.30739291084275,126.856851657474
1592,37.283956217207,126.863740114016
1593,37.326774825998335,126.84048463036267
1594,37.334651939835666,126.78945646254665
1595,37.3371789088805,126.7537513307605
1596,37.30445230797067,126.82974576696033
1597,37.639377404445,126.832339922351
1598,37.660188746015,126.76519756391765
1599,37.657144158977,126.781968939516
1600,37.6576560832125,126.7743057736435
1601,37.661952796635504,126.785692434959
1602,37.674804768326496,126.77452650639401
1603,37.587910290129,127.137940102655
1604,37.540620107633,127.255156765074
1605,37.611749929916,127.34204302077
1606,37.14248674649255,127.07213720247667
1607,37.149882961969,127.061613677485
1608,37.631312372469,126.711264251045
1609,37.592485810473,126.966081541031
1610,37.572625248319994,127.04411655204
1611,37.549009954047,127.057482423976
1612,37.531668872921,127.080584965925
1613,37.52018075833633,127.094155328507
1614,37.540562662538,127.083626721297
1615,37.529758525836,127.064597167526
1616,37.53938848699,127.098296708927
1617,37.608828903132,127.072574274584
1618,37.6452943500365,127.060005560821
1619,37.628185198589,127.064126836485
1620,37.667773492085004,127.049434056241
1621,37.54798936202,126.918384317284
1622,37.547936580809,126.820434049593
1623,37.586761900842,126.815786596076
1624,37.508648876146,126.881034142613
1625,37.531074214205,126.889127075155
1626,37.536090746625334,126.89776521373601
1627,37.521411467366,126.887451639982
1628,37.520011037942666,126.91717018612333
1629,37.498641672776,126.984332432097
1630,37.464816667856,127.108364469046
1631,37.518522682177,127.0693422023418
1632,37.517715655754,127.112761170892
1633,37.5028895429888,127.0935116607308
1634,37.4950905701745,127.1063298459965
1635,37.500666731985,127.138328265338
1636,37.554741293877,127.14581395675
1637,37.541601952369,127.116102044375
1638,37.564090816662,127.1746517386255
1639,37.25056596255,127.034055527142
1640,37.251324926505,126.982806022681
1641,37.25923985393575,127.0373237542255
1642,37.271528402215,127.017325639668
1643,37.285602642049,126.980159165914
1644,37.399755883528,127.116679914547
1645,37.396313866892,127.125319872315
1646,37.365754080887,127.125520639667
1647,37.515940315794005,126.76082031350768
1648,37.497187075724,126.75308526707234
1649,37.502462921827004,126.7597419383905
1650,37.509305879913,126.7551034749465
1651,37.511125018206,126.76384133651
1652,37.483360552648,126.757484502009
1653,37.46137352437,126.874896991804
1654,36.984915397828,126.920924426322
1655,37.3026999157562,126.8609487874118
1656,37.29366907319685,126.85731566901556
1657,37.308062549563836,126.82896269697368
1658,37.3295025445575,126.787892697841
1659,37.327293698546,126.809378155778
1660,37.332145120552,126.8175188522145
1661,37.541003642046,127.254342962323
1662,37.656534600292,127.255615582095
1663,37.136923312961,127.073331530727
1664,37.141906730712,127.078124981983
1665,37.348652154974,126.73797738604867
1666,37.34025596953833,126.74832453704867
1667,37.545179192866,127.199456158776
1668,37.580009078657,127.179735600119
1669,37.540381431609,127.2185486763315
1670,37.298670747358,127.06960834465
1671,37.20473150369,127.06756589867801
1672,37.515202485907,126.981886130442
1673,37.548733497054,127.06765477345
1674,37.600192547149,127.073649356534
1675,37.641443164129,127.07050010509033
1676,37.564057459085,126.855855765732
1677,37.576000408193,126.816647233784
1678,37.505892532315,126.857906857617
1679,37.466384776137,126.889382277571
1680,37.50631383989233,126.89453861796301
1681,37.513654154795496,126.89676719628851
1682,37.513963873035,126.930145666291
1683,37.484438643729,127.057812022808
1684,37.4795819705135,127.1173607795345
1685,37.499507026529,127.135550351269
1686,37.4796547356285,127.126398275911
1687,37.530284060861504,127.121086099745
1688,37.528613208634,127.141859903913
1689,37.555938772657,127.1512169203755
1690,37.251531601953005,127.041928909093
1691,37.240667037555,127.028508471889
1692,37.268191388401,127.03486734352501
1693,37.287009517870004,126.992959423999
1694,37.244870379765,127.047131717356
1695,37.446047578434,127.118941036801
1696,37.432257489292496,127.118807142137
1697,37.365504136807,127.105911120303
1698,37.731702682534,127.043517473354
1699,37.392619326471504,126.95036259990499
1700,37.387996066966,126.963097810816
1701,37.39556551224,126.936774589777
1702,37.50307832993267,126.78629146099134
1703,37.488221043867,126.761778820537
1704,37.515093153527,126.764299462851
1705,37.514034083557,126.7750592800625
1706,37.452591434598006,126.8897397185145
1707,37.004065959877,127.084323919814
1708,37.323626342383,126.840897917706
1709,37.29992181584,126.8459360628
1710,37.332712700232,126.812908720562
1711,37.3124738640785,126.831062390418
1712,37.307685859116,126.831977707806
1713,37.315954506596,126.813505411746
1714,37.335222511111,126.801500447189
1715,37.341606798316,126.807269517176
1716,37.326967662828,126.822451645328
1717,37.6238632016265,126.83397648792601
1718,37.652515655074,126.788879446131
1719,37.673983024048,126.8056596147005
1720,37.680278019816,126.750241198574
1721,37.726396004373,127.192604243892
1722,37.163692467334,127.067906812051
1723,37.3517943706145,126.7367255627355
1724,37.5788038659364,127.1793670091444
1725,37.64975877965967,126.67556341740267
1726,37.209571597354,127.06091698219001
1727,37.771997713489995,127.451966345863
1728,37.56770390033467,127.05882006719999
1729,37.667066290078,127.056177893496
1730,37.54894202745567,126.91296217738466
1731,37.515628912945,126.877891900592
1732,37.536841910191,126.90482650247058
1733,37.500444005887,127.066069701257
1734,37.4982451090755,127.0966441767885
1735,37.520133851797,127.114016667636
1736,37.496697337613,127.124850664528
1737,37.527329095462,127.128617902995
1738,37.557832610887,127.171196200046
1739,37.291107341032,127.0262018736185
1740,37.294270616096,126.99732304562775
1741,37.273901831805,126.94169666567
1742,37.726643845838,127.058489327422
1743,37.389159294851,126.9566416265385
1744,37.4521128392375,126.89309365779701
1745,37.0014869807905,127.09712912720849
1746,36.976973697979,126.923954001277
1747,37.316478415719,126.844380657449
1748,37.307264795185,126.8446841183785
1749,37.32882174201634,126.83779092076384
1750,37.663684396269005,126.761525032755
1751,37.640981875014,126.793866712979
1752,37.649541557047996,126.7701253385145
1753,37.366179649972,126.934656625204
1754,37.532278329083,127.200713876845
1755,37.704288238512,126.759461191182
1756,37.6454890315945,127.05579603730851
1757,37.5088087063575,126.8964235447115
1758,37.526274590001,127.016723560645
1759,37.533205816096,127.109229522426
1760,37.4894085785955,127.109174995726
1761,37.29527185665025,126.992320200456
1762,37.282319921428495,127.0190086156565
1763,37.283089275251,127.033715152633
1764,37.375840288799,127.121855227838
1765,37.399054021127,126.93015751485851
1766,37.327568314627,126.84452259834
1767,37.334474058432,126.81615299156867
1768,37.328098746461,126.827809023669
1769,37.666134261488,126.813225680322
1770,37.5508742865895,127.206183042874
1771,37.731093947629,126.751000827128
1772,37.710091137397,126.759210578906
1773,37.648817757035,126.636985571328
1774,37.542058623608,127.044264503305
1775,37.618988193551,127.086954666126
1776,37.654305172846,127.037865622801
1777,37.651464890793,127.051600188699
1778,37.585163922478,126.923298054663
1779,37.570995562296,126.919772296755
1780,37.489200245851,126.899661455586
1781,37.534453860158,126.919546196401
1782,37.513176646086,126.935120258994
1783,37.517873292519,126.946731309703
1784,37.526799675366,127.017286045216
1785,37.511738926911,127.0783980917
1786,37.2987022105895,127.012671579281
1787,37.40546221501,127.128164722925
1788,37.509768293773,126.774840477707
1789,37.303397413161,126.857510150474
1790,37.3346266396585,126.7922071490415
1791,37.647391003293,127.365341986345
1792,37.560273575829555,127.18912217793377
1793,37.567308894643,127.18972960255799
1794,37.59301315290175,126.79651253459349
1795,37.831786495551,127.069306936867
1796,37.539285106324,127.037987838869
1797,37.549253342069,127.034505538901
1798,37.561056821616,127.070088941453
1799,37.578664734291,127.067814682802
1800,37.5862637142,127.073846093124
1801,37.638146353972,127.0596369325
1802,37.4844271423,126.873354868533
1803,37.553697998956004,126.87780417948368
1804,37.517178253412,126.9287316626915
1805,37.506600781702,126.989269394468
1806,37.4930526195245,127.1038476820575
1807,37.492349905972,127.099013648257
1808,37.536797138178,127.111728428126
1809,37.475177445983,127.140859673436
1810,37.487049756042,127.132500223208
1811,37.284712104581,126.985907255616
1812,37.4563751454975,127.1181523039365
1813,37.421922304971,127.117177240538
1814,37.393439374985,126.95626898079733
1815,36.99420695219,127.123343765004
1816,37.296982718978,126.826543799858
1817,37.630003746477,126.822881434032
1818,37.671039842016,126.780627799434
1819,37.546477948799,127.241994529525
1820,37.3439583757255,126.732616751238
1821,37.349557415843,126.732087325471
1822,37.567436649532496,127.2122305365115
1823,37.542251155867,127.23816035182
1824,37.590799383786,126.782312333948
1825,37.209718350522,127.070208182563
1826,37.40412679102,127.269070037953
1827,37.541912669035,127.322995148708
1828,37.575363915713,126.972867077854
1829,37.516880366337,126.970004138281
1830,37.537799279714,127.016115728659
1831,37.543818036574,127.024149457932
1832,37.5334761817635,127.09534990190849
1833,37.57306443907067,127.05194611170633
1834,37.656730043658,127.013283040481
1835,37.616889272123,127.072914326236
1836,37.580292067426,126.91556255407
1837,37.574512579693,126.900289355171
1838,37.562233741895,126.905132020028
1839,37.5279113501485,126.873412284714
1840,37.56002816795857,126.8274475532313
1841,37.563203026699,126.827132465492
1842,37.486552826653,126.880926267135
1843,37.492684992519,126.866359417354
1844,37.475592609013,127.107041553726
1845,37.508793690535995,127.0656932675935
1846,37.531917379784005,127.023910664212
1847,37.285888834652994,127.055268349306
1848,37.441892696192,127.118726003503
1849,37.384198980899,127.116951153674
1850,37.414652100115,127.121180746196
1851,37.393504753543,127.123670945559
1852,37.5178991285495,126.76094328456401
1853,36.998604451735,127.135779111818
1854,37.319805870346,126.84545001161
1855,37.605031597631,126.824769309757
1856,37.682531980767,126.779595219445
1857,37.649011749793,126.785928777692
1858,37.667478082448,126.755121575601
1859,37.681639603286,126.759697749752
1860,37.545096165656,127.244897281186
1861,37.3480020680855,126.746367001041
1862,37.443658224548,126.791859621326
1863,37.556357371097,127.196978250447
1864,37.753326194949,126.68662840188
1865,37.700675816036,126.684246013376
1866,37.744079586005,126.809765819338
1867,37.623922643216,126.753154041527
1868,37.205371315535,127.073620779676
1869,37.496265852788,127.484551630055
1870,37.562323010895,127.049485458474
1871,37.559933698907,126.830751049723
1872,37.525745399187,126.910163799176
1873,37.53948244127,126.899528661787
1874,37.5246598730475,127.1028261603385
1875,37.274750719613,126.955441226333
1876,37.408182272783,127.124648403165
1877,37.75126897373,127.033017753518
1878,37.53183962465,126.789238450031
1879,36.999160896647,127.104125514546
1880,36.993646353967,127.131415396029
1881,37.03882726149725,127.04886157545201
1882,37.315311643546,126.848161419246
1883,37.323423404221,126.800686996743
1884,37.334572440026,126.776994212751
1885,37.298623981664,126.814117818334
1886,37.308871598181,126.809285220734
1887,37.581149024085,126.852985796156
1888,37.3492472098445,126.7410082432745
1889,37.572510459349004,127.182426129243
1890,37.716570900828664,126.76005753153633
1891,37.830895905788,127.065851071361
1892,37.521344544587,126.960596773516
1893,37.55363157911,126.896941001148
1894,37.5434437135,126.928560722025
1895,37.525738571372,126.869114631186
1896,37.530418007612,126.875964491416
1897,37.577756036937,126.837647064252
1898,37.54981023868,126.88606457557
1899,37.556069706177,127.165312070052
1900,37.566371409875,127.133354578941
1901,37.404839510157,126.903245063328
1902,37.400130541031,126.951061040805
1903,37.134685034879,127.061603414105
1904,37.561400769212,127.193357245378
1905,37.268472040978,127.081660678249
1906,37.715869777257,126.738185665209
1907,37.602748253942,127.096789380607
1908,37.547980652666,126.909960330351
1909,37.559292545568,126.887907909907
1910,37.573929721141,126.810904667634
1911,37.460415510047,126.898606738791
1912,37.531272211617,127.042655060316
1913,37.492364837108,127.03222497792149
1914,37.516270856289,127.090386836642
1915,37.555213728184,127.136456694587
1916,37.285336639872,127.017569215155
1917,37.421390576216,127.128504135402
1918,37.37732967433,126.954819041251
1919,37.004267747295,127.104042620121
1920,37.333244802644,126.8229268735185
1921,37.321116752554,126.818602956071
1922,37.677607595881,126.76786304257
1923,37.702294404593,126.767087127324
1924,37.658498915674,127.372430530741
1925,37.63755921231,127.355498887058
1926,37.349785633625,126.722937820522
1927,37.369969497357,126.808990850284
1928,37.362113852756,126.737095705475
1929,37.276724662793,127.150641983204
1930,37.725773699929,126.730873837821
1931,37.198609189266,127.067910469725
1932,37.581906270392004,127.00253235609932
1933,37.56496256050819,127.00873088681502
1934,37.53800565,126.96636023
1935,37.538830060203,126.98685177963121
1936,37.570679008841,127.0265774850225
1937,37.56508803,127.02368582
1938,37.54731602,127.07405389
1939,37.58360954,127.0533553
1940,37.58747134128771,127.01873889434513
1941,37.6012804,126.93536414
1942,37.4616977249122,126.8979682094484
1943,37.5033180303314,126.94783982188781
1944,37.4852376076975,126.95598138311951
1945,37.484764115842005,126.93359860021768
1946,37.4882540635615,127.014214230529
1947,37.50074789,127.03690171
1948,37.507395054809,127.03390220928266
1949,37.52030261,127.05681102
1950,37.52318602,127.03948831
1951,37.49654856,127.07021202
1952,37.48982942,127.03247832
1953,37.495698550718664,127.03876556122067
1954,37.519104819922,127.025749285008
1955,37.51420463692975,127.03078023145349
1956,37.2668670306565,127.0336113054
1957,37.46306277,127.14075932
1958,37.2989338592335,126.8614476717755
1959,37.63083931,126.83035759
1960,37.57261467167933,126.96386986260268
1961,37.56821694046,126.969040444562
1962,37.5595596900085,127.00540140056751
1963,37.542016020852,126.96982627877425
1964,37.619042611528,127.104202806815
1965,37.619223665741,127.053890209766
1966,37.651452706778,127.043721509741
1967,37.680662243469,127.045357187685
1968,37.624185657143,127.079697969986
1969,37.6490173192375,127.0622820490915
1970,37.576988974463,126.955614667184
1971,37.546573764357994,126.94114037329933
1972,37.579051638823,126.799764016397
1973,37.4770938554945,126.977455729676
1974,37.513402492832,127.053162996376
1975,37.5237324963565,127.0405888930925
1976,37.511251300134504,127.1018986636205
1977,37.491661385066,127.125690328247
1978,37.260712126464,127.021278728432
1979,37.4045412390315,126.9702940446885
1980,36.996212633707,127.113522792344
1981,37.056864795926664,127.060236968654
1982,37.67561924923,126.761209073941
1983,37.269998443175,127.218375372926
1984,37.233550367716504,127.1982863209775
1985,37.2355337232395,127.1983911553485
1986,37.279425519073,127.109823409524
1987,37.270010305232,127.154762110384
1988,37.275438778613,127.12011793745334
1989,37.212282564989,127.037814083554
1990,37.223670989272996,127.07502375011335
1991,37.537023657617,127.332602208626
1992,37.581995501584,127.01571268646933
1993,37.529773685315,126.991405540168
1994,37.565491819403,127.041438161185
1995,37.578827248065,127.0226752952525
1996,37.478176447409496,127.038856311158
1997,37.274016086887,126.945935382687
1998,37.012616365958,127.101884243958
1999,37.160105952635,127.055836647448
2000,37.439004011169,126.797363347342
2001,37.379661360302,126.854845083647
2002,37.0132728260965,127.2585309391945
2003,37.2163588537545,126.9692033415005
2004,37.365627983715,127.2445828984425
2005,37.597448397978,127.035504415172
2006,37.618597422621,127.023950887832
2007,37.537457629752,126.843323024775
2008,37.376659997219,127.11134382036
2009,37.40883310016,127.138249997256
2010,37.404872443896,126.965015851421
2011,37.404805731953,126.969983119555
2012,37.044196222559,127.0437887
2013,37.027784525422,127.054701894897
2014,37.04669548639,127.059911412691
2015,37.646031072811,127.124896094888
2016,37.546985310977,127.192284251484
2017,37.553228547544,127.184259954127
2018,37.418509374412,127.247559270397
2019,37.817581439656,127.094589746932
2020,37.530835798139,126.969554545279
2021,37.479014137975,126.940548410258
2022,37.036410331823,127.051526345939
2023,36.990932482602,127.09263639607
2024,37.645284949875,126.877548906738
2025,37.631645603708,127.114403987102
2026,37.584297466696,127.212189419024
2027,37.859113783561,126.79159797451
